chrom,start,end,GeneCount,unlist(genhits),CHR,BP,P,prediction.1
chr9,148602350,148607750,1,Zm00001d048040,chr9,148606533,2.74627438351299e-27,28.2337755374174
chr5,103742850,103853550,1,Zm00001d015658,chr5,103851975,5.14303820839873e-21,-26.8364884980725
chr2,4416350,4464950,1,Zm00001d002019,chr2,4432063,8.42936922277302e-20,-34.1806772036184
chr7,88846350,88873050,0,,chr7,88856498,9.00265823396779e-19,-45.3978087086456
chr5,104157250,104163550,1,Zm00001d015661,chr5,104161906,1.07537700705348e-18,-24.9178373921791
chr5,104163550,104169750,1,Zm00001d015662,chr5,104166739,1.9433930541113e-18,18.6696288481245
chr10,72680150,72742250,0,,chr10,72681390,2.72695673300369e-17,17.2173104483541
chr5,104138050,104157250,0,,chr5,104140375,7.62708171602135e-17,-22.9112543384435
chr5,103937450,104024150,0,,chr5,103968532,9.71208106813314e-17,-21.7559921511669
chr5,152520850,152722450,0,,chr5,152721839,1.5238539125715e-16,-50.3210147221552
chr3,161295350,161344050,2,Zm00001d042326;Zm00001d042327,chr3,161297561,8.36978618993846e-16,-20.3692531574904
chr10,72742250,72825550,0,,chr10,72766418,1.14955692530904e-15,-17.3491500686324
chr8,123214650,123245750,0,,chr8,123215172,1.16503327940321e-15,26.7877730880508
chr5,104092850,104125650,0,,chr5,104123651,1.60294633851822e-15,-21.2807130825858
chr5,202883650,202926750,1,Zm00001d017642,chr5,202883744,1.66757872303289e-15,21.2839243090771
chr8,20506950,20526450,0,,chr8,20524394,2.09755625767367e-15,-18.8324658350894
chr4,10299650,10486650,3,Zm00001d048944;Zm00001d048945;Zm00001d048946,chr4,10384896,2.41514541321701e-15,18.6159499454284
chr5,103853550,103937450,1,Zm00001d015658,chr5,103855210,2.73399535000039e-15,-20.6070293354967
chr3,40875150,40917350,2,Zm00001d040383;Zm00001d040385,chr3,40876778,2.85225138879551e-15,-28.1779229746278
chr7,14055950,14095250,2,Zm00001d019044;Zm00001d019045,chr7,14093248,2.98869725351887e-15,-25.5181884672459
chr3,40970050,41019250,3,Zm00001d040387;Zm00001d040388;Zm00001d040389,chr3,40997465,3.48217254723442e-15,-26.2597580796681
chr2,243920550,243968650,1,Zm00001d007951,chr2,243951325,7.15895408741289e-15,-22.3028743774386
chr3,98494750,98678450,0,,chr3,98496660,9.87763523048613e-15,20.8117888879319
chr10,77529950,77546850,2,Zm00001d024543;Zm00001d024544,chr10,77533301,1.14412504234745e-14,-16.8333093633638
chr9,147698550,147699150,1,Zm00001d048004,chr9,147698781,2.43615619459922e-14,-32.4730823219689
chr7,144444750,144548850,2,Zm00001d021163;Zm00001d021164,chr7,144455155,2.99713094996042e-14,-53.88355393337
chr5,103245550,103264750,1,Zm00001d015654,chr5,103264037,3.86686885524921e-14,-16.250074609619
chr3,100621850,100772350,1,Zm00001d041159,chr3,100706105,4.28007961076019e-14,22.4522517794943
chr3,55086950,55162950,2,Zm00001d040629;Zm00001d040630,chr3,55090289,4.55976737087083e-14,-21.5932272335792
chr10,68646750,68713550,1,Zm00001d024394,chr10,68648902,7.14162161997432e-14,-49.580972863897
chr5,104972750,105070250,1,Zm00001d015670,chr5,105053891,7.33555756498323e-14,-22.2873461399205
chr7,111568850,111629850,0,,chr7,111604314,1.03318449904414e-13,-33.339385422314
chr4,202673050,202844450,5,Zm00001d052855;Zm00001d052856;Zm00001d052858;Zm00001d052859;Zm00001d052860,chr4,202688316,1.24767478006678e-13,-16.524939449815
chr5,104024150,104092850,0,,chr5,104086094,1.42358871622957e-13,-17.259472005391
chr5,103345050,103506750,1,Zm00001d015656,chr5,103378882,1.57928540255038e-13,-17.2266948702469
chr4,22770550,22991450,6,Zm00001d049249;Zm00001d049250;Zm00001d049251;Zm00001d049252;Zm00001d049253;Zm00001d049254,chr4,22950144,1.91234212248279e-13,-15.9247206450354
chr1,149685650,149689450,1,Zm00001d030627,chr1,149688608,3.96056469905732e-13,-15.1858049793194
chr7,180517850,180549750,2,Zm00001d022590;Zm00001d022591,chr7,180541486,4.18923649290686e-13,-27.3787557612954
chr5,103506750,103742850,1,Zm00001d015657,chr5,103723131,4.47799499959463e-13,16.8812189208757
chr5,104192950,104209850,1,Zm00001d015664,chr5,104209626,4.66961547826878e-13,17.3337516764069
chr10,90126150,90131450,1,Zm00001d024830,chr10,90128493,6.19359840954756e-13,16.5497396401071
chr10,60761850,60915250,1,Zm00001d024273,chr10,60915067,6.5525757729721e-13,-20.2838146754454
chr5,66137150,66165550,1,Zm00001d014864,chr5,66137489,8.43260593764244e-13,-23.3104597139677
chr3,105360450,105560750,2,Zm00001d041205;Zm00001d041208,chr3,105361134,9.90489047821994e-13,15.04639978659
chr3,181701450,181820350,2,Zm00001d042841;Zm00001d042842,chr3,181819705,1.04682600545975e-12,-30.4847382991357
chr9,122510550,122517750,0,,chr9,122512703,1.47403661502256e-12,16.8327028437285
chr2,4333250,4381950,2,Zm00001d002012;Zm00001d002013,chr2,4339891,1.77347519232935e-12,-28.3313364494097
chr4,8366250,8604150,3,Zm00001d048930;Zm00001d048931;Zm00001d048932,chr4,8445929,1.83987278297342e-12,14.9467941916097
chr9,122464050,122484650,1,Zm00001d047215,chr9,122470995,1.85247811488008e-12,17.420840232698
chr8,70844350,70848650,0,,chr8,70845347,1.87670559383604e-12,19.2796395936283
chr7,73924750,74011250,0,,chr7,73978076,2.29010947022543e-12,-57.8006413262928
chr3,31377950,31402950,1,Zm00001d040189,chr3,31401734,2.596226023963E-12,-15.96621617284
chr2,236402950,236509850,3,Zm00001d007625;Zm00001d007629;Zm00001d007630,chr2,236408874,2.66400302504386e-12,14.5790314471418
chr8,7169650,7176750,2,Zm00001d008394;Zm00001d008395,chr8,7172095,2.7564041779673e-12,-15.1521097233291
chr6,154008850,154041150,0,,chr6,154013586,3.03978348097631e-12,19.7841251256392
chr9,155826350,155852350,2,Zm00001d048413;Zm00001d048414,chr9,155826407,3.4266006793265e-12,-26.8264545139058
chr2,102370550,102790150,2,Zm00001d004315;Zm00001d004317,chr2,102515348,4.18875170718718e-12,-13.7734314732371
chr3,99510350,99548450,0,,chr3,99542044,4.3822781064609e-12,21.9556854264249
chr3,45125450,45187450,1,Zm00001d040468,chr3,45135121,5.33801457172273e-12,-19.6789042458233
chr2,145449350,145519250,2,Zm00001d004867;Zm00001d004868,chr2,145459285,6.52331229276383e-12,-17.2639222606967
chr4,203327450,203502550,4,Zm00001d052883;Zm00001d052885;Zm00001d052886;Zm00001d052888,chr4,203406378,7.5404794516581e-12,19.7951494285263
chr10,96014550,96055550,3,Zm00001d024940;Zm00001d024941;Zm00001d024942,chr10,96015306,8.01953793545356e-12,-73.2421034714167
chr2,88318250,88429750,0,,chr2,88359344,8.56303780153771e-12,16.2056488369543
chr5,211433750,211450150,0,,chr5,211449281,9.70110375807881e-12,-28.058031845271
chr10,73861250,73977350,1,Zm00001d024489,chr10,73879930,9.91152069766191e-12,33.0081547975297
chr8,162940450,162948750,1,Zm00001d011855,chr8,162942777,1.02505603527853e-11,-45.4949227864442
chr8,48662750,48672650,1,Zm00001d009264,chr8,48670351,1.19172091946492e-11,-58.0668034159561
chr6,146407750,146474150,3,Zm00001d038050;Zm00001d038051;Zm00001d038052,chr6,146411549,1.20768198430573e-11,-57.2516207899038
chr9,141789050,141792150,1,Zm00001d047788,chr9,141789519,1.28037772099078e-11,-15.2918801756593
chr9,149628550,149631350,1,Zm00001d048083,chr9,149630754,1.50747139090389e-11,22.2964241272285
chr2,226778950,226822450,5,Zm00001d007280;Zm00001d007281;Zm00001d007283;Zm00001d007284;Zm00001d007285,chr2,226788291,1.62315815707071e-11,-21.9268453534101
chr5,182749450,182810650,1,Zm00001d017019,chr5,182810536,1.72302434662004e-11,17.6852077771507
chr5,104215950,104265650,1,Zm00001d015665,chr5,104216180,1.90172072270544e-11,-20.2308111705425
chr2,63887350,63992750,2,Zm00001d003865;Zm00001d003866,chr2,63888375,1.92475873707965e-11,-45.0607225540955
chr10,77743850,77760250,0,,chr10,77752976,2.19748027355759e-11,-17.6498484119802
chr5,104616050,104643550,0,,chr5,104625983,2.33967571877993e-11,-20.3929712284294
chr6,49139550,49157350,0,,chr6,49153004,2.3435838757955e-11,-21.2739307030438
chr8,77475950,77525950,1,Zm00001d009717,chr8,77524951,2.53115229660054e-11,-18.3740124121792
chr3,130578250,130624250,2,Zm00001d041634;Zm00001d041635,chr3,130622092,2.57403976142145e-11,16.0673754969917
chr8,127724850,127753650,1,Zm00001d010785,chr8,127752884,3.04166051294642e-11,-25.1616223814525
chr5,183359750,183398450,3,Zm00001d017038;Zm00001d017039;Zm00001d017040,chr5,183397627,3.30853248667586e-11,-14.9703485780839
chr3,100863950,100884450,0,,chr3,100869405,3.51019808312712e-11,20.4268224977189
chr5,104563750,104616050,0,,chr5,104610872,3.69412382982217e-11,-19.7449107286262
chr3,228870150,228894250,2,Zm00001d044463;Zm00001d044464,chr3,228879990,3.73735705929701e-11,14.7523939435296
chr10,18997650,19111150,3,Zm00001d023758;Zm00001d023759;Zm00001d023760,chr10,19076417,4.41323802603246e-11,-44.9071393434177
chr5,195935150,196009850,1,Zm00001d017443,chr5,196009246,4.64733798624761e-11,-17.9288642203541
chr3,99059350,99312150,2,Zm00001d041124;Zm00001d041127,chr3,99204881,4.83809911978605e-11,20.6745953756707
chr8,126880850,126892050,3,Zm00001d010752;Zm00001d010753;Zm00001d010754,chr8,126885348,5.20162259637447e-11,20.0691638464846
chr5,104821150,104849850,0,,chr5,104847924,5.62342525237205e-11,-19.5701090486278
chr3,160293050,160331650,1,Zm00001d042311,chr3,160319313,5.77808996389983e-11,14.7560758214197
chr2,226145650,226208050,1,Zm00001d007268,chr2,226148861,7.49664325979024e-11,-15.1128124102212
chr8,17616050,17619150,1,Zm00001d008715,chr8,17617119,7.64711632933647e-11,33.8976105948402
chr2,89759450,90023050,3,Zm00001d004183;Zm00001d004184;Zm00001d004187,chr2,90014484,8.32516685631252e-11,15.136058511923
chr5,66200050,66220250,0,,chr5,66200788,8.39696714122656e-11,-21.8841715400769
chr8,44248850,44275350,2,Zm00001d009221;Zm00001d009222,chr8,44260551,9.00728012590677e-11,-41.291576292577
chr10,93136750,93202150,2,Zm00001d024891;Zm00001d024892,chr10,93143004,9.02857805507714e-11,14.944966275306
chr5,168889750,168895250,0,,chr5,168890846,1.01646190777813e-10,-14.9368069274289
chr3,137013150,137027050,1,Zm00001d041773,chr3,137021440,1.04423539433686e-10,15.3393395880359
chr4,208634950,208785850,1,Zm00001d053004,chr4,208732675,1.07796718492484e-10,-14.3241910564312
chr3,8503950,8534350,4,Zm00001d039587;Zm00001d039588;Zm00001d039589;Zm00001d039590,chr3,8532548,1.07899425727234e-10,16.3692141810058
chr2,26192250,26273650,1,Zm00001d002902,chr2,26201705,1.08648012539897e-10,-15.5711055150327
chr5,104490450,104563750,0,,chr5,104529938,1.10859390581917e-10,-18.590325198926
chr3,44946550,44988550,1,Zm00001d040466,chr3,44986182,1.21432426042175e-10,-24.3530166739691
chr3,41311050,41313450,0,,chr3,41312128,1.21708952359405e-10,-26.5548628670753
chr5,104317950,104338450,0,,chr5,104319485,1.21789363205729e-10,-22.4027917242851
chr8,51619650,51664350,0,,chr8,51647209,1.28176668418357e-10,15.492907134011
chr10,61277350,61393250,1,Zm00001d024277,chr10,61390435,1.31014788498797e-10,-17.3292500283403
chr3,167821450,167930750,1,Zm00001d042445,chr3,167823646,1.54127470292533e-10,-14.0032142184261
chr4,9852450,10071350,1,Zm00001d048941,chr4,10050878,1.57106350547348e-10,-24.1033673132189
chr9,41793950,41795650,1,Zm00001d045825,chr9,41794401,1.59275344086648e-10,-15.7970002072123
chr2,182515750,182548850,1,Zm00001d005658,chr2,182521151,1.62613456188472e-10,21.2587781191878
chr3,147510050,147546250,2,Zm00001d042017;Zm00001d042018,chr3,147535945,1.67536918200066e-10,-13.2591363061008
chr2,77433450,77506450,2,Zm00001d004033;Zm00001d004035,chr2,77475049,1.76234542190801e-10,-16.7136697080331
chr3,193125450,193146550,2,Zm00001d043246;Zm00001d043247,chr3,193139071,1.81297512213392e-10,13.1063237919021
chr5,104169750,104192950,0,,chr5,104170809,1.85917162809962e-10,-19.6818400329859
chr4,29331050,29548450,2,Zm00001d049403;Zm00001d049404,chr4,29504636,1.88825136444655e-10,-14.9007048424652
chr2,12934450,12964550,2,Zm00001d002450;Zm00001d002451,chr2,12956697,1.90030555384144e-10,-47.6555238056369
chr3,99567350,99668250,0,,chr3,99570371,1.95980419038453e-10,20.3167203727449
chr10,131264750,131303350,0,,chr10,131300714,2.01260357996814e-10,50.6628003998543
chr5,66065650,66137150,1,Zm00001d014864,chr5,66136131,2.03642619729841e-10,-20.8964057847671
chr2,4274350,4297650,1,Zm00001d002006,chr2,4284701,2.07341671233175e-10,-13.8300467662543
chr5,199619450,199649650,1,Zm00001d017560,chr5,199621110,2.10773386702005e-10,-15.4254308716176
chr5,147559350,147631650,1,Zm00001d016157,chr5,147559405,2.2004116649417e-10,80.2692753094789
chr8,86847350,86973250,1,Zm00001d009879,chr8,86967661,2.21446317313587e-10,17.5852066641329
chr3,42175650,42283750,2,Zm00001d040413;Zm00001d040414,chr3,42248437,2.41148693820729e-10,-39.0122006306174
chr8,151168650,151227950,1,Zm00001d011465,chr8,151227635,2.45325142409932e-10,-13.5644522298739
chr3,35936150,35948350,1,Zm00001d040290,chr3,35942765,2.57578360475575e-10,-32.1574212219564
chr9,41104750,41249350,1,Zm00001d045819,chr9,41249152,2.60936789842633e-10,-15.5464512612423
chr5,107549750,107590750,1,Zm00001d015686,chr5,107588341,2.66049466072365e-10,-18.0907258706843
chr8,70077550,70148250,2,Zm00001d009558;Zm00001d009560,chr8,70129437,2.7896465055273e-10,14.3106988169792
chr7,170889750,170937050,5,Zm00001d022126;Zm00001d022127;Zm00001d022129;Zm00001d022130;Zm00001d022131,chr7,170890531,2.80957468907645e-10,-13.2456437283055
chr3,42334950,42381350,2,Zm00001d040415;Zm00001d040416,chr3,42335431,2.88629743495589e-10,-27.7216748218284
chr3,210457950,210468250,1,Zm00001d043800,chr3,210463077,3.04683939166792e-10,-16.086609731383
chr3,193187850,193234350,2,Zm00001d043248;Zm00001d043249,chr3,193227290,3.08652089026451e-10,36.6706902988903
chr4,5174850,5245750,3,Zm00001d048765;Zm00001d048766;Zm00001d048767,chr4,5218274,3.18983982785044e-10,-19.2684010730034
chr10,35987650,36071350,0,,chr10,36014982,3.46131480836137e-10,-218.089483131779
chr8,104747650,104783050,2,Zm00001d010227;Zm00001d010228,chr8,104782248,3.58925151021817e-10,-12.7961199023901
chr2,182584150,182622750,2,Zm00001d005661;Zm00001d005662,chr2,182613484,3.82511124551803e-10,16.0527419716793
chr9,147261050,147267250,1,Zm00001d047986,chr9,147261190,4.18789350015552e-10,14.5001056999105
chr4,16811950,17131050,5,Zm00001d049125;Zm00001d049126;Zm00001d049127;Zm00001d049129;Zm00001d049133,chr4,16823706,4.30873983696426e-10,-14.407666715704
chr5,20728850,20754650,0,,chr5,20729774,4.31554796416212e-10,21.175587642003
chr3,35955850,35982050,0,,chr3,35963767,4.74754708767037e-10,-22.0482507903874
chr5,104737950,104756950,1,Zm00001d015669,chr5,104743206,5.19132340721077e-10,-18.1944686359056
chr9,147174250,147195450,1,Zm00001d047985,chr9,147193949,5.24768575691875e-10,16.8483667547783
chr3,161430750,161455250,1,Zm00001d042328,chr3,161432480,5.25085387779001e-10,-58.8210902773938
chr3,193847550,193870550,2,Zm00001d043268;Zm00001d043269,chr3,193860168,5.47489740088356e-10,20.014234182461
chr4,5705850,5792650,3,Zm00001d048800;Zm00001d048801;Zm00001d048802,chr4,5763519,5.73975233744802e-10,-21.8209187102578
chr8,87645550,87951050,1,Zm00001d009891,chr8,87693625,6.10093895935055e-10,19.5289700779225
chr4,204251750,204398450,3,Zm00001d052905;Zm00001d052906;Zm00001d052907,chr4,204324511,6.17262157201966e-10,-13.3939451461106
chr10,59648950,59727150,1,Zm00001d024252,chr10,59695721,6.185702006973E-10,14.1403503833869
chr4,222225950,222633350,5,Zm00001d053249;Zm00001d053250;Zm00001d053251;Zm00001d053252;Zm00001d053254,chr4,222509680,6.67056682957811e-10,-21.5041016261638
chr10,110564350,110578150,2,Zm00001d025237;Zm00001d025238,chr10,110569971,6.70611332020552e-10,17.1616858347119
chr3,159829350,159926050,1,Zm00001d042302,chr3,159924180,6.75548621060772e-10,27.3970740843444
chr5,31566250,31599450,1,Zm00001d014074,chr5,31567263,8.38097837602768e-10,-13.2699112575853
chr10,59516050,59587350,1,Zm00001d024250,chr10,59563275,8.69377704873886e-10,17.0259743759604
chr3,55205650,55282450,2,Zm00001d040631;Zm00001d040632,chr3,55228264,8.87012936163689e-10,-14.6116956470413
chr3,209736550,209770750,0,,chr3,209737500,9.33531407714559e-10,23.0803940012195
chr5,19168350,19172750,1,Zm00001d013746,chr5,19171833,9.36344667948569e-10,17.4114746964343
chr2,88238250,88260350,0,,chr2,88253836,9.95628856479355e-10,-17.2857688725751
chr10,93202150,93281050,0,,chr10,93237727,9.96985147038628e-10,14.1152468845647
chr9,138757550,138791950,0,,chr9,138757612,1.03293351815051e-09,17.6994128354078
chr4,207253550,207537150,1,Zm00001d052983,chr4,207317784,1.07544970011457e-09,-14.6657429244419
chr2,121781550,121818250,0,,chr2,121802527,1.07634798863157e-09,31.8707648158969
chr8,121147750,121169250,2,Zm00001d010590;Zm00001d010591,chr8,121149210,1.09362667814527e-09,-13.4425760097701
chr10,10161550,10180650,2,Zm00001d023557;Zm00001d023558,chr10,10163475,1.13147889574432e-09,-14.7111113342718
chr1,31360750,31475450,0,,chr1,31367965,1.14547643269997e-09,-13.8319980251035
chr8,167696750,167761850,2,Zm00001d012078;Zm00001d012079,chr8,167761501,1.20204454585836e-09,12.8717712297881
chr4,56333050,56435150,2,Zm00001d049974;Zm00001d049975,chr4,56343432,1.20357849295836e-09,17.7123741069961
chr5,103264750,103345050,0,,chr5,103264914,1.24136801888827e-09,-16.0351943263846
chr4,118228050,118754350,3,Zm00001d050716;Zm00001d050717;Zm00001d050718,chr4,118575073,1.25790346510343e-09,-15.1434797868716
chr7,112836850,112912250,2,Zm00001d020419;Zm00001d020420,chr7,112907803,1.27554916341716e-09,-23.4390744283932
chr8,154464150,154471450,1,Zm00001d011560,chr8,154467153,1.27941382821291e-09,24.9519697466489
chr2,102909250,103028950,2,Zm00001d004318;Zm00001d004320,chr2,102915563,1.28867515522526e-09,12.4266392549115
chr8,136349550,136385050,3,Zm00001d011001;Zm00001d011002;Zm00001d011003,chr8,136349828,1.2932460801023e-09,15.9911069020167
chr4,202262950,202414450,6,Zm00001d052838;Zm00001d052839;Zm00001d052840;Zm00001d052841;Zm00001d052842;Zm00001d052843,chr4,202279898,1.35759497435562e-09,-17.8246879923046
chr8,151139450,151150050,1,Zm00001d011463,chr8,151149978,1.37444688887626e-09,-14.0451696585893
chr4,56006350,56219550,4,Zm00001d049961;Zm00001d049964;Zm00001d049965;Zm00001d049966,chr4,56194967,1.37470672085746e-09,19.1501771454852
chr10,43589650,43631050,0,,chr10,43623066,1.41773705021051e-09,13.6667875804943
chr9,34509150,34578350,2,Zm00001d045706;Zm00001d045707,chr9,34509221,1.4185758600536e-09,12.9012163270252
chr10,130760950,130887450,0,,chr10,130858069,1.44021035439453e-09,15.1482561716471
chr2,120085550,120589050,3,Zm00001d004587;Zm00001d004588;Zm00001d004589,chr2,120576088,1.46573474092017e-09,30.7175643604721
chr2,202503550,202583450,1,Zm00001d006236,chr2,202579240,1.52508853881893e-09,-13.4979826623041
chr3,61277950,61338950,1,Zm00001d040741,chr3,61278700,1.52553526899822e-09,-13.3624984922613
chr4,38423350,38644750,9,Zm00001d049638;Zm00001d049640;Zm00001d049641;Zm00001d049642;Zm00001d049643;Zm00001d049644;Zm00001d049645;Zm00001d049646;Zm00001d049647,chr4,38553608,1.52954172892667e-09,-64.9233692749443
chr4,38026950,38202850,7,Zm00001d049627;Zm00001d049628;Zm00001d049629;Zm00001d049630;Zm00001d049631;Zm00001d049632;Zm00001d049633,chr4,38072410,1.58835369244939e-09,18.1436166195582
chr10,59587350,59648950,1,Zm00001d024251,chr10,59640714,1.61630198364972e-09,13.102956648904
chr5,216094450,216102650,2,Zm00001d018189;Zm00001d018190,chr5,216100325,1.61670977001443e-09,-18.9044284464946
chr5,198881350,198900950,1,Zm00001d017531,chr5,198881430,1.66936978797035e-09,-14.3636115247485
chr4,162687050,162952850,9,Zm00001d051556;Zm00001d051557;Zm00001d051561;Zm00001d051562;Zm00001d051563;Zm00001d051564;Zm00001d051565;Zm00001d051566;Zm00001d051567,chr4,162757133,1.67385270501486e-09,20.0726525061544
chr2,203247950,203298950,3,Zm00001d006267;Zm00001d006268;Zm00001d006269,chr2,203285590,1.69044088404121e-09,13.4909653974454
chr7,11353150,11467250,3,Zm00001d018975;Zm00001d018976;Zm00001d018977,chr7,11464416,1.7485101151145e-09,-17.7502920269133
chr5,111776250,111831950,0,,chr5,111778873,1.8319572774419e-09,-17.4320581046947
chr10,54996750,55118450,3,Zm00001d024195;Zm00001d024196;Zm00001d024197,chr10,54997109,1.84738539142879e-09,-15.4668450830155
chr3,31622150,31637950,3,Zm00001d040191;Zm00001d040192;Zm00001d040193,chr3,31631465,2.00925405891987e-09,-13.8743562892948
chr10,149625050,149638750,0,,chr10,149627820,2.19693725597612e-09,-13.5732272462616
chr3,197904650,197933350,1,Zm00001d043370,chr3,197907275,2.277634640212E-09,-63.5742124196501
chr8,104813950,104836950,1,Zm00001d010229,chr8,104835057,2.34724667151663e-09,-13.1586823347459
chr5,206246050,206254950,2,Zm00001d017767;Zm00001d017768,chr5,206254928,2.50209841857399e-09,-12.7235929668332
chr8,4170250,4181350,3,Zm00001d008289;Zm00001d008290;Zm00001d008291,chr8,4175667,2.55060335743853e-09,-84.6759584932365
chr7,110741150,110780750,1,Zm00001d020387,chr7,110765664,2.5697530606832e-09,39.6868555378227
chr10,47686050,47862150,0,,chr10,47686407,2.66996472154655e-09,13.3232287557527
chr2,147036650,147132150,2,Zm00001d004891;Zm00001d004892,chr2,147094247,2.71962086746987e-09,16.3301609832627
chr6,98634650,98777650,3,Zm00001d036717;Zm00001d036718;Zm00001d036719,chr6,98776718,2.74805060503865e-09,13.503589535303
chr9,38788850,38792150,1,Zm00001d045782,chr9,38790081,2.79406649034794e-09,12.9522346890345
chr5,66262650,66325350,1,Zm00001d014867,chr5,66266271,2.90018791662452e-09,-19.5066299627279
chr5,66165550,66200050,1,Zm00001d014865,chr5,66171144,2.97547560956669e-09,-20.1439125238181
chr10,61183650,61277350,1,Zm00001d024275,chr10,61277306,3.00186673168828e-09,-14.2329687472724
chr2,191724750,191779650,5,Zm00001d005882;Zm00001d005883;Zm00001d005884;Zm00001d005885;Zm00001d005888,chr2,191773852,3.02938224614854e-09,20.1785974348231
chr2,90105450,90173850,2,Zm00001d004192;Zm00001d004193,chr2,90156137,3.06858237206528e-09,13.3959700090659
chr3,192857350,192894150,1,Zm00001d043242,chr3,192883439,3.0848982946391e-09,-109.407661670778
chr3,136543550,136577150,1,Zm00001d041766,chr3,136545644,3.11495142017418e-09,21.6728900999738
chr9,138813550,138866750,2,Zm00001d047672;Zm00001d047673,chr9,138866681,3.22284454979476e-09,16.3077232845747
chr4,58624450,58829250,3,Zm00001d049995;Zm00001d049996;Zm00001d049997,chr4,58646927,3.25700698296295e-09,12.8395871802699
chr10,71891650,71957250,2,Zm00001d024462;Zm00001d024463,chr10,71914832,3.42313485938758e-09,18.9940453568222
chr6,53688150,53796350,1,Zm00001d035829,chr6,53794971,3.54073743670833e-09,-18.3273822612944
chr5,19944750,19952550,2,Zm00001d013780;Zm00001d013781,chr5,19951392,3.6472794450218e-09,43.706148399135
chr8,120588950,120660650,3,Zm00001d010569;Zm00001d010570;Zm00001d010572,chr8,120660023,3.72545847402532e-09,12.7318645537871
chr3,203366550,203428250,1,Zm00001d043543,chr3,203389562,3.8164849463793e-09,-12.8493379861468
chr6,47194150,47328350,1,Zm00001d035773,chr6,47324979,3.82712950497762e-09,-19.773890427272
chr10,26996850,27089950,1,Zm00001d023897,chr10,26997001,3.89185523565418e-09,-12.625593254812
chr8,162648950,162657450,1,Zm00001d011847,chr8,162652206,3.90755927564041e-09,-13.8656284212728
chr2,36823850,36853950,2,Zm00001d003228;Zm00001d003229,chr2,36828811,3.9994325293373e-09,-14.030210155674
chr5,62623150,62638550,0,,chr5,62638526,4.02050710359444e-09,-13.9027915426412
chr3,136601350,136774550,2,Zm00001d041767;Zm00001d041768,chr3,136602649,4.09401023535291e-09,20.7845521042295
chr10,95469850,95549750,2,Zm00001d024928;Zm00001d024931,chr10,95473013,4.23384967313274e-09,36.1684730550799
chr2,156456850,156524950,0,,chr2,156505379,4.31482446608918e-09,-28.2515804729676
chr3,41210650,41309550,3,Zm00001d040393;Zm00001d040396;Zm00001d040398,chr3,41309068,4.37747566607021e-09,-23.3005851201149
chr9,10615850,10625350,2,Zm00001d045028;Zm00001d045029,chr9,10621092,4.42228289581367e-09,14.1099129411048
chr3,99375450,99428450,0,,chr3,99389900,4.48610950685502e-09,19.4460268725785
chr2,156846850,156907550,1,Zm00001d005062,chr2,156884207,4.5478947874498e-09,-24.0940292404567
chr9,25154750,25242550,1,Zm00001d045516,chr9,25240888,4.5641954189865e-09,-37.4554037101151
chr10,43223850,43347450,1,Zm00001d024088,chr10,43325872,4.58918486196756e-09,13.8832578665932
chr9,66904550,66928250,2,Zm00001d046144;Zm00001d046145,chr9,66927925,4.61241969186702e-09,-13.6660169689999
chr8,75122650,75134950,1,Zm00001d009667,chr8,75125343,4.61595139803595e-09,-17.5035052511286
chr7,69984350,70156350,0,,chr7,69988402,4.65628101162906e-09,-37.3882608462326
chr3,36015650,36028150,3,Zm00001d040291;Zm00001d040292;Zm00001d040293,chr3,36017127,4.71092901039038e-09,-29.4411388573578
chr3,159329050,159377050,1,Zm00001d042292,chr3,159332644,4.84147399877581e-09,17.5380474372272
chr3,54002050,54019350,1,Zm00001d040614,chr3,54004898,4.87201603911292e-09,-12.3612912461915
chr2,229777850,229896450,3,Zm00001d007366;Zm00001d007367;Zm00001d007368,chr2,229857985,4.94365300441607e-09,38.7686305213477
chr3,209950550,209950750,1,Zm00001d043778,chr3,209950575,5.0886100497945e-09,22.1130509314769
chr8,85760150,85909250,1,Zm00001d009866,chr8,85871290,5.14388577256171e-09,19.2725765499459
chr4,45024250,45420450,5,Zm00001d049798;Zm00001d049800;Zm00001d049801;Zm00001d049803;Zm00001d049804,chr4,45379008,5.43659577229508e-09,-18.5019225894419
chr3,44945650,44946350,1,Zm00001d040465,chr3,44945884,5.69572795856996e-09,-13.3143171081038
chr2,242278950,242355950,1,Zm00001d007911,chr2,242342396,5.79897193773194e-09,38.0105647211604
chr8,13536350,13545550,1,Zm00001d008580,chr8,13543462,5.80766395257957e-09,-26.2541587425648
chr10,10269550,10305750,2,Zm00001d023563;Zm00001d023564,chr10,10305479,5.87979155929894e-09,-17.1401194802526
chr10,72299750,72324550,1,Zm00001d024469,chr10,72300143,5.91470850191594e-09,12.5128248745751
chr5,8165150,8170450,2,Zm00001d013303;Zm00001d013304,chr5,8167070,6.01217253982299e-09,31.0848207268773
chr3,214594350,214615050,1,Zm00001d043950,chr3,214608425,6.09048399992874e-09,-21.6639716814105
chr8,135896450,135929650,1,Zm00001d010985,chr8,135928954,6.13189179675843e-09,14.4001695258822
chr5,168895250,168901450,0,,chr5,168895790,6.20895942086266e-09,-13.9864378779639
chr2,49276550,49392150,2,Zm00001d003598;Zm00001d003599,chr2,49335198,6.216823864207E-09,12.4852897887886
chr4,233641650,233823950,5,Zm00001d053548;Zm00001d053549;Zm00001d053550;Zm00001d053552;Zm00001d053553,chr4,233778915,6.22259485559836e-09,16.0236827320783
chr8,87050850,87430150,3,Zm00001d009880;Zm00001d009881;Zm00001d009883,chr8,87060177,6.33270225532312e-09,17.0832375035966
chr7,130177050,130288250,1,Zm00001d020725,chr7,130287095,6.352051017629E-09,-13.0763433956733
chr5,168838750,168889750,0,,chr5,168889662,6.41829720147373e-09,-19.7127722494823
chr5,6596450,6604250,1,Zm00001d013209,chr5,6600270,6.42679984157869e-09,15.3371528492632
chr5,147281750,147338650,1,Zm00001d016152,chr5,147338233,6.54624207543987e-09,-47.2126269526523
chr10,72074150,72167050,2,Zm00001d024465;Zm00001d024466,chr10,72129689,6.66462853188601e-09,19.095632023133
chr2,235052650,235095250,5,Zm00001d007572;Zm00001d007573;Zm00001d007575;Zm00001d007576;Zm00001d007577,chr2,235079520,6.67947758220244e-09,-61.1741119043999
chr3,191499350,191574950,0,,chr3,191574334,6.73247972951649e-09,-16.843072576748
chr3,175696550,175722450,2,Zm00001d042658;Zm00001d042659,chr3,175714710,6.74383611003562e-09,34.3488753319531
chr8,77825650,77908650,1,Zm00001d009723,chr8,77908319,6.77409409521799e-09,-16.4392842465499
chr4,80570050,80913150,3,Zm00001d050315;Zm00001d050316;Zm00001d050317,chr4,80845414,6.90668092497256e-09,-13.6621043720532
chr8,74954750,74959550,2,Zm00001d009660;Zm00001d009661,chr8,74956309,6.97591767108846e-09,-12.2026058716993
chr5,214457350,214474750,1,Zm00001d018107,chr5,214474392,7.19571278909135e-09,-12.8685885764306
chr9,148615850,148686950,4,Zm00001d048041;Zm00001d048042;Zm00001d048044;Zm00001d048045,chr9,148615852,7.21769711542111e-09,-13.9198453031091
chr9,70713450,70716450,0,,chr9,70714290,7.42724292218695e-09,13.1596262232068
chr10,89733350,89759150,1,Zm00001d024825,chr10,89733952,7.49309517837672e-09,12.062062410935
chr10,127905950,127918850,1,Zm00001d025734,chr10,127915388,7.69480399535027e-09,-12.183224681962
chr9,51114450,51118450,1,Zm00001d045974,chr9,51115206,8.12161239377001e-09,25.9521018124432
chr2,213165750,213281550,3,Zm00001d006640;Zm00001d006641;Zm00001d006642,chr2,213254563,8.31025622784688e-09,-42.3643452897681
chr3,150546150,150551250,3,Zm00001d042092;Zm00001d042093;Zm00001d042094,chr3,150548999,8.62564654359885e-09,-12.247380365792
chr7,142491250,142496750,2,Zm00001d021087;Zm00001d021088,chr7,142493267,8.80315577777746e-09,37.6533848237719
chr2,243538550,243737850,1,Zm00001d007943,chr2,243540165,8.88443060111245e-09,12.4944017978577
chr3,32290750,32375250,1,Zm00001d040214,chr3,32352463,8.99013047136576e-09,14.2428664870742
chr9,38915050,38959550,1,Zm00001d045784,chr9,38915556,9.38595049012138e-09,-13.5995933771913
chr5,202869850,202883650,2,Zm00001d017641;Zm00001d017642,chr5,202882354,9.55551180806288e-09,12.6528210988998
chr7,19676850,19755750,1,Zm00001d019163,chr7,19752116,9.61639679152941e-09,-96.0407990928738
chr2,57949250,58037450,1,Zm00001d003765,chr2,57967313,9.84167114598496e-09,12.8461105307008
chr6,58476050,58512150,3,Zm00001d035887;Zm00001d035888;Zm00001d035889,chr6,58481639,9.91055222456784e-09,17.2775489513942
chr10,70057350,70089150,1,Zm00001d024416,chr10,70057624,9.95939203005429e-09,-12.1911725793349
chr1,100745650,100755150,0,,chr1,100754798,1.01087294053421e-08,14.18043683233
chr5,12335850,12343750,0,,chr5,12340596,1.02175132684354e-08,-13.9256030927469
chr3,210152450,210180250,2,Zm00001d043784;Zm00001d043785,chr3,210171350,1.03250951398934e-08,-16.7325384913787
chr8,135859150,135874250,1,Zm00001d010984,chr8,135872603,1.03635290116044e-08,-17.1416196849275
chr9,39018550,39080450,1,Zm00001d045785,chr9,39079861,1.04781896374239e-08,22.3967159633304
chr2,77641950,77792550,1,Zm00001d004036,chr2,77706410,1.07109171170646e-08,-14.8330667378723
chr3,226604450,226663450,1,Zm00001d044386,chr3,226639941,1.09581802983116e-08,-59.6904186241029
chr2,106989050,107047450,2,Zm00001d004375;Zm00001d004376,chr2,107036370,1.1011275243435e-08,26.6223998937339
chr10,147449750,147468250,2,Zm00001d026515;Zm00001d026516,chr10,147465656,1.12535583947224e-08,17.4489541726798
chr4,239808850,239896650,8,Zm00001d053718;Zm00001d053719;Zm00001d053720;Zm00001d053721;Zm00001d053722;Zm00001d053723;Zm00001d053724;Zm00001d053725,chr4,239887622,1.14711177446569e-08,-210.384398137484
chr8,50942450,50957650,2,Zm00001d009279;Zm00001d009280,chr8,50948118,1.15109401736435e-08,13.41926849822
chr6,48514250,48641150,0,,chr6,48636840,1.17818504382912e-08,-26.5059977569742
chr7,167425450,167464550,2,Zm00001d021976;Zm00001d021977,chr7,167431193,1.18451124941838e-08,-16.4953995602894
chr5,65691550,65709350,0,,chr5,65709274,1.19324654397116e-08,29.5834890717355
chr1,256249350,256316950,2,Zm00001d033258;Zm00001d033259,chr1,256313102,1.19980495404403e-08,18.3779136605802
chr5,169042650,169067150,1,Zm00001d016596,chr5,169067090,1.22666238652176e-08,34.9266726681693
chr9,108743550,108780050,1,Zm00001d046881,chr9,108764491,1.23258402954853e-08,-19.7621783842285
chr9,136747150,136749950,1,Zm00001d047599,chr9,136748523,1.26960560719385e-08,33.8005688096104
chr5,66220250,66233750,1,Zm00001d014866,chr5,66221314,1.30479158260898e-08,-18.8713492154986
chr7,22261150,22351550,2,Zm00001d019218;Zm00001d019219,chr7,22319262,1.3083436557158e-08,-20.2859842893046
chr3,136285350,136350950,1,Zm00001d041760,chr3,136289522,1.31269618770955e-08,-12.7550839724938
chr2,211442550,211498850,2,Zm00001d006580;Zm00001d006581,chr2,211471380,1.33993552322161e-08,-13.618457652313
chr5,21894750,21901150,0,,chr5,21895984,1.34431891538242e-08,22.3238024099385
chr1,77118550,77157650,1,Zm00001d029575,chr1,77126882,1.38390736414716e-08,13.6704698514611
chr9,110064950,110075050,1,Zm00001d046910,chr9,110073933,1.3854929384069e-08,-18.5299978351411
chr5,2436150,2437250,1,Zm00001d012964,chr5,2437234,1.40588248512696e-08,-591.518130057545
chr5,12297650,12324850,0,,chr5,12323771,1.40588248512696e-08,-591.518130057545
chr4,6698450,6813950,5,Zm00001d048867;Zm00001d048868;Zm00001d048870;Zm00001d048871;Zm00001d048872,chr4,6764402,1.40588248513729e-08,-295.759065028707
chr4,46626250,46784050,4,Zm00001d049824;Zm00001d049825;Zm00001d049826;Zm00001d049829,chr4,46674145,1.40588248513729e-08,-295.759065028707
chr4,57287050,57409450,0,,chr4,57368791,1.40588248513729e-08,-295.759065028707
chr7,21363350,21464850,0,,chr7,21445802,1.40588248513729e-08,-295.759065028707
chr7,21929950,22049050,0,,chr7,21930726,1.40588248513729e-08,-295.759065028707
chr7,158093750,158098750,1,Zm00001d021613,chr7,158097280,1.40588248513729e-08,-295.759065028707
chr7,172073650,172152350,1,Zm00001d022181,chr7,172136040,1.40588248513729e-08,-295.759065028707
chr7,175521250,175563650,4,Zm00001d022327;Zm00001d022329;Zm00001d022330;Zm00001d022331,chr7,175526328,1.40588248513729e-08,-295.759065028707
chr2,177158750,177282850,2,Zm00001d005520;Zm00001d005523,chr2,177219523,1.41878790551858e-08,-12.6841892610934
chr4,9571650,9654350,1,Zm00001d048936,chr4,9593292,1.42146551834094e-08,-22.0751577277316
chr2,46553250,46622250,3,Zm00001d003520;Zm00001d003521;Zm00001d003522,chr2,46609134,1.45094150178966e-08,-16.2086709838514
chr8,136175550,136182750,2,Zm00001d010995;Zm00001d010997,chr8,136180551,1.45278833537318e-08,15.813433525441
chr9,20246750,20250350,2,Zm00001d045384;Zm00001d045385,chr9,20247657,1.45361834124983e-08,27.0274685439141
chr3,4129450,4150950,1,Zm00001d039434,chr3,4141326,1.50432119431529e-08,17.473610293396
chr3,187855250,187859950,1,Zm00001d043062,chr3,187857957,1.51550957740978e-08,16.6068807959983
chr3,6537950,6558850,1,Zm00001d039518,chr3,6556782,1.51914135219859e-08,13.0531778631174
chr4,227867550,228121750,2,Zm00001d053371;Zm00001d053372,chr4,228096046,1.52578572062362e-08,13.1147020861061
chr10,103780450,103794950,1,Zm00001d025098,chr10,103783845,1.56136807407041e-08,-15.5623076487071
chr8,162645550,162648450,1,Zm00001d011846,chr8,162645960,1.56675499409424e-08,12.8633757702002
chr7,155175650,155249050,3,Zm00001d021528;Zm00001d021529;Zm00001d021532,chr7,155245460,1.57955017205988e-08,12.311884596753
chr8,161064650,161076050,1,Zm00001d011764,chr8,161072235,1.60394660672336e-08,-14.6631798034392
chr7,20088850,20123850,2,Zm00001d019169;Zm00001d019170,chr7,20110408,1.62346782626956e-08,-24.0859402181084
chr4,55789550,55960550,2,Zm00001d049959;Zm00001d049960,chr4,55913967,1.64402169438202e-08,18.9181678453812
chr9,41797650,41800150,1,Zm00001d045825,chr9,41798926,1.6529110908387e-08,-14.0444286979372
chr5,175977250,175992550,0,,chr5,175990784,1.67898208557446e-08,35.4558749889935
chr5,190049650,190060550,2,Zm00001d017239;Zm00001d017240,chr5,190053254,1.68562273154911e-08,-77.5049384268664
chr5,111737050,111763150,0,,chr5,111755533,1.69966455649746e-08,-17.9428557402154
chr9,110227650,110232850,1,Zm00001d046913,chr9,110229521,1.73869387268309e-08,-19.0582319099966
chr5,112853250,112872150,0,,chr5,112869366,1.76896457591578e-08,20.4163289489053
chr2,15872650,15905550,1,Zm00001d002576,chr2,15882324,1.78631921235336e-08,-27.96091076559
chr2,28953150,29001350,4,Zm00001d002991;Zm00001d002992;Zm00001d002993;Zm00001d002994,chr2,28958538,1.79797107674847e-08,36.2192092009543
chr10,134991550,134999750,2,Zm00001d025967;Zm00001d025968,chr10,134993225,1.82340374821577e-08,14.0427659689681
chr3,136417150,136475050,1,Zm00001d041763,chr3,136455583,1.84524917724671e-08,34.405289258463
chr3,136147950,136179250,0,,chr3,136159850,1.85866293937875e-08,12.3538273359126
chr10,43546250,43589650,0,,chr10,43589623,1.86409291441896e-08,13.884715165793
chr7,110518050,110530150,1,Zm00001d020384,chr7,110525857,1.90155816233973e-08,33.450606763195
chr7,45666750,45707750,1,Zm00001d019597,chr7,45695873,1.91748914455336e-08,-11.9596401408056
chr3,202079250,202097950,1,Zm00001d043502,chr3,202086042,1.94226245078803e-08,13.8636839841184
chr8,86061250,86257850,1,Zm00001d009870,chr8,86257560,1.97900005783972e-08,18.4721886948274
chr5,184685950,184703350,0,,chr5,184703293,1.97985959436593e-08,12.5496233814663
chr5,77121050,77126350,0,,chr5,77124813,2.00329535642189e-08,18.1269530856735
chr2,244074550,244108050,2,Zm00001d007958;Zm00001d007959,chr2,244089042,2.02532413445901e-08,15.9182607745399
chr1,31057850,31122650,5,Zm00001d028332;Zm00001d028333;Zm00001d028335;Zm00001d028336;Zm00001d028337,chr1,31104294,2.05096423958117e-08,-28.0186481323422
chr5,175482950,175538550,0,,chr5,175506740,2.07978703416662e-08,-21.4630782177902
chr2,24250050,24269150,3,Zm00001d002835;Zm00001d002836;Zm00001d002837,chr2,24263676,2.09805723760945e-08,13.6798856735064
chr3,3607850,3617050,2,Zm00001d039406;Zm00001d039407,chr3,3614998,2.10165309295616e-08,15.3555382984191
chr6,139343850,139370150,0,,chr6,139349110,2.13196292864661e-08,32.9341239717441
chr9,83397050,83400150,0,,chr9,83398675,2.15395695732846e-08,-14.2887484124444
chr10,142351850,142363850,2,Zm00001d026263;Zm00001d026265,chr10,142361713,2.17744412802665e-08,18.4640521837294
chr8,166664950,166712850,1,Zm00001d012022,chr8,166712308,2.20224144908099e-08,-12.4499940172757
chr3,50427950,50465050,1,Zm00001d040567,chr3,50462918,2.20263614080725e-08,11.63341451933
chr10,93037550,93052650,1,Zm00001d024890,chr10,93047655,2.23833144638006e-08,13.3413967260345
chr7,118981750,119117750,1,Zm00001d020496,chr7,119112761,2.26144610680286e-08,-19.0741749169382
chr1,204135650,204239950,4,Zm00001d031851;Zm00001d031852;Zm00001d031853;Zm00001d031854,chr1,204145680,2.31530773754631e-08,-66.2232107790501
chr5,172213250,172220350,1,Zm00001d016675,chr5,172219499,2.36456408913289e-08,37.6686871586957
chr1,123423850,123432250,1,Zm00001d030340,chr1,123426135,2.3811233915115e-08,13.8387129493953
chr5,57837650,58013750,3,Zm00001d014660;Zm00001d014661;Zm00001d014663,chr5,58013558,2.39585953282092e-08,14.1147728721546
chr2,76461050,76658250,2,Zm00001d004024;Zm00001d004025,chr2,76578532,2.40062580775779e-08,-14.6598933274076
chr3,135591350,135603050,1,Zm00001d041740,chr3,135597130,2.49389208947106e-08,-15.3789324022789
chr5,2409250,2417150,1,Zm00001d012963,chr5,2416808,2.65580631326631e-08,-11.9847801500971
chr8,120519350,120535150,1,Zm00001d010567,chr8,120525746,2.66398262142402e-08,13.6978270132658
chr9,72009550,72060150,0,,chr9,72060128,2.6719291936571e-08,11.4775888437146
chr8,50000650,50060850,0,,chr8,50000893,2.68611890197699e-08,12.8615042487257
chr3,204487750,204497950,2,Zm00001d043589;Zm00001d043590,chr3,204489838,2.71908023892416e-08,44.0899234285771
chr8,168423950,168441050,1,Zm00001d012118,chr8,168430046,2.7504844951237e-08,-13.6165399949502
chr6,103237650,103288050,2,Zm00001d036832;Zm00001d036833,chr6,103271995,2.7992818503297e-08,-19.864330414147
chr5,187193450,187200350,2,Zm00001d017157;Zm00001d017158,chr5,187194214,2.81188583776239e-08,12.3991513359523
chr10,149194550,149202050,2,Zm00001d026633;Zm00001d026634,chr10,149198588,2.82415463379644e-08,30.7287297048257
chr3,195818150,195872950,1,Zm00001d043311,chr3,195859986,2.83607969360121e-08,18.0367447441643
chr2,44383450,44464650,1,Zm00001d003438,chr2,44458132,2.83990257426164e-08,-14.8661217355627
chr9,80232450,80254850,0,,chr9,80241577,2.87200386135983e-08,17.2657322694188
chr4,17413650,17569450,1,Zm00001d049140,chr4,17500208,2.87576394858289e-08,26.1002919435992
chr5,78402850,78511050,6,Zm00001d015175;Zm00001d015176;Zm00001d015179;Zm00001d015180;Zm00001d015181;Zm00001d015182,chr5,78509174,2.88400751250138e-08,28.1165269051295
chr5,19599050,19607250,2,Zm00001d013758;Zm00001d013759,chr5,19602892,2.92423553243701e-08,35.1443304089202
chr8,161008850,161017450,1,Zm00001d011762,chr8,161009249,2.93536112542295e-08,-26.6932766169652
chr3,230956650,230973850,1,Zm00001d044528,chr3,230960521,2.94106713933607e-08,-19.126848194112
chr8,166557150,166603750,1,Zm00001d012017,chr8,166557896,2.94411320947562e-08,13.7743839397104
chr3,178092750,178106050,0,,chr3,178100006,2.96221820151589e-08,-12.3644693005939
chr5,163731950,163742150,1,Zm00001d016474,chr5,163741804,2.99098310846128e-08,11.7480555450423
chr7,176186050,176231650,2,Zm00001d022367;Zm00001d022368,chr7,176190499,3.00352173471455e-08,20.1302078027933
chr5,108269150,108279150,1,Zm00001d015692,chr5,108269218,3.03036360271062e-08,21.3427498716521
chr3,211904950,211963350,1,Zm00001d043845,chr3,211908847,3.03772346550806e-08,-16.1579287549564
chr2,185590050,185676350,3,Zm00001d005742;Zm00001d005743;Zm00001d005744,chr2,185614159,3.06513901060742e-08,-12.6492738579248
chr7,127855150,128166450,4,Zm00001d020679;Zm00001d020680;Zm00001d020681;Zm00001d020682,chr7,127860920,3.08558321002181e-08,-17.9841094793044
chr8,173636850,173691950,1,Zm00001d012399,chr8,173690561,3.08638850023397e-08,-17.4965573753727
chr10,130671650,130686350,1,Zm00001d025821,chr10,130677574,3.1487478418771e-08,15.4605572449459
chr5,8057350,8062450,0,,chr5,8060232,3.18605907358131e-08,13.9885901108858
chr9,110292350,110306050,1,Zm00001d046914,chr9,110305558,3.22572454286157e-08,-19.0341443658608
chr3,191417950,191438250,2,Zm00001d043200;Zm00001d043201,chr3,191435967,3.24928687757213e-08,-14.1895787557388
chr8,154454750,154458350,2,Zm00001d011559;Zm00001d011560,chr8,154457027,3.29054534667195e-08,17.0036658041445
chr5,86077950,86087650,2,Zm00001d015355;Zm00001d015356,chr5,86086308,3.33434238953176e-08,-14.308945571232
chr5,111161050,111202450,0,,chr5,111163239,3.36568479206781e-08,19.3965194636906
chr4,243744750,243963750,12,Zm00001d053930;Zm00001d053931;Zm00001d053932;Zm00001d053933;Zm00001d053934;Zm00001d053935;Zm00001d053936;Zm00001d053938;Zm00001d053939;Zm00001d053940;Zm00001d053941;Zm00001d053942,chr4,243771461,3.39573841394245e-08,36.7979031484855
chr9,19080350,19110150,4,Zm00001d045328;Zm00001d045329;Zm00001d045330;Zm00001d045331,chr9,19080385,3.43799445797466e-08,-18.8107807134949
chr2,204908750,204959750,3,Zm00001d006333;Zm00001d006335;Zm00001d006336,chr2,204947715,3.45875108333969e-08,-70.7112679440575